Epoch,Train Loss,Train Accuracy,Validation Loss,Validation Accuracy
1,0.6828638967141286,0.5643157103976552,0.6752342476066968,0.5822897040895489
2,0.6713836321781901,0.5871356264085418,0.6771646530915659,0.5789648675606783
3,0.65109753317491,0.6152017832292705,0.6889879318839269,0.560899922420481
4,0.6094779497154873,0.6579968226992278,0.7684466318881258,0.5444973955447191
5,0.5346158528722488,0.7180453442691592,0.8796250334022738,0.5123573090989694
6,0.37221637401081054,0.8209627960246795,1.4512881831074438,0.4880860024382135

Test File,Test Accuracy
test.tsv,0.5433132482979889
simple_test.tsv,0.5679693119156077
complex_test.tsv,0.5313661710037174
small_test.tsv,0.5435435435435435
